Championship title,Team A,Team B,Date / Time,Section,Status,Result
دوري أبطال إفريقيا,الأهلي,يانج افريكانز,03/1/2024 - 18:00,الجولة السادسة,انتهت,1 - 0
دوري أبطال إفريقيا,شباب بلوزداد,ميدياما,03/1/2024 - 18:00,الجولة السادسة,انتهت,3 - 0
الدوري المصري,فاركو,البنك الاهلي,03/1/2024 - 16:00,الأسبوع السادس عشر,انتهت,2 - 1
الدوري المصري,سيراميكا كليوباترا,المقاولون العرب,03/1/2024 - 19:00,الأسبوع الخامس عشر,انتهت,2 - 0
الدوري الإسباني,سيلتا فيجو,الميريا,03/1/2024 - 22:00,الأسبوع السابع والعشرون,انتهت,1 - 0
الدوري السعودي,أبها,الطــائي,03/1/2024 - 16:00,الأسبوع الثاني والعشرون,انتهت,2 - 0
الدوري السعودي,الأخدود,الرياض,03/1/2024 - 16:00,الأسبوع الثاني والعشرون,انتهت,1 - 2
الدوري السعودي,الهلال,الاتحاد,03/1/2024 - 19:00,الأسبوع الثاني والعشرون,انتهت,3 - 1
الدوري الإيطالي,لاتسيو,ميلان,03/1/2024 - 21:45,الأسبوع السابع والعشرون,انتهت,0 - 1
الدوري الألماني,فرايبورج,بايرن ميونيخ,03/1/2024 - 21:30,الأسبوع الرابع والعشرون,انتهت,2 - 2
الدوري الفرنسي,موناكو,باريس سان جيرمان,03/1/2024 - 22:00,الأسبوع الرابع والعشرون,انتهت,0 - 0
الدوري المغربي,شباب المحمدية,الفتح الرباطي,03/1/2024 - 19:00,الأسبوع الثاني والعشرون,انتهت,0 - 1
الدوري المغربي,الاتحاد التوركي,يوسفية برشيد,03/1/2024 - 21:00,الأسبوع الثاني والعشرون,انتهت,3 - 2
دوري القسم الثاني-أ,لافيينا أف سي,بروكسي,03/1/2024 - 15:30,الجولة الرابعة,انتهت,2 - 0
دوري القسم الثاني-أ,السكة الحديد,غزل المحلة,03/1/2024 - 15:30,الجولة الرابعة,انتهت,1 - 1
دوري القسم الثاني-أ,طنطا‏,راية الرياضي,03/1/2024 - 15:30,الجولة الرابعة,انتهت,3 - 0
دوري القسم الثاني-أ,القناة,بتروجيت,03/1/2024 - 15:30,الجولة الرابعة,انتهت,0 - 1
دوري القسم الثاني-أ,حرس الحدود,وادي دجلة,03/1/2024 - 19:00,الجولة الرابعة,انتهت,1 - 1
الدوري التركي,قاسم باشا,سيفاسبور,03/1/2024 - 19:00,الأسبوع الثامن والعشرون,انتهت,0 - 0
الدوري البرتغالي,شافيش,أروكا,03/1/2024 - 22:15,الأسبوع الرابع والعشرون,انتهت,1 - 5
دوري نجوم قطر,السد القطري,نادي قطر,03/1/2024 - 17:00,الأسبوع الخامس عشر,انتهت,3 - 0
دوري نجوم قطر,الدحيل,الغرافة,03/1/2024 - 17:00,الأسبوع الخامس عشر,انتهت,1 - 4
دوري نجوم قطر,العربي,الريان,03/1/2024 - 19:00,الأسبوع الخامس عشر,انتهت,2 - 3
الدوري الإماراتي,خورفكان,شباب الأهلي,03/1/2024 - 15:35,الأسبوع الخامس عشر,انتهت,0 - 3
الدوري الإماراتي,عجمان,نادي الامارات,03/1/2024 - 15:35,الأسبوع الخامس عشر,انتهت,2 - 0
الدوري الإماراتي,الوصل,الشــارقة,03/1/2024 - 18:15,الأسبوع الخامس عشر,انتهت,2 - 0
دوري أبطال إفريقيا,ماميلودي صنداونز,مازيمبي,03/2/2024 - 15:00,الجولة السادسة,انتهت,1 - 0
دوري أبطال إفريقيا,بيراميدز,إف سي نواذيبو,03/2/2024 - 15:00,الجولة السادسة,انتهت,2 - 2
دوري أبطال إفريقيا,الوداد البيضاوي,أسيك أبيدجـــــان,03/2/2024 - 18:00,الجولة السادسة,انتهت,1 - 0
دوري أبطال إفريقيا,سيمبا,جوانينج جالاكسي,03/2/2024 - 18:00,الجولة السادسة,انتهت,6 - 0
دوري أبطال إفريقيا,الترجى الرياضي,الهلال السوداني,03/2/2024 - 21:00,الجولة السادسة,انتهت,1 - 0
دوري أبطال إفريقيا,بترو اتليتكو,النجم الساحلى,03/2/2024 - 21:00,الجولة السادسة,انتهت,2 - 0
الدوري المصري,الإسماعيلي,بلدية المحلة,03/2/2024 - 19:00,الأسبوع الخامس عشر,انتهت,0 - 1
الدوري الإنجليزي,ايفرتون,وست هام يونايتد,03/2/2024 - 17:00,الأسبوع السابع والعشرون,انتهت,1 - 3
الدوري الإنجليزي,نيوكاسل,وولفرهامبتون,03/2/2024 - 17:00,الأسبوع السابع والعشرون,انتهت,3 - 0
الدوري الإنجليزي,توتنهام هوتسبر,كريستال بالاس,03/2/2024 - 17:00,الأسبوع السابع والعشرون,انتهت,3 - 1
الدوري الإنجليزي,فولهام,برايتون,03/2/2024 - 17:00,الأسبوع السابع والعشرون,انتهت,3 - 0
الدوري الإنجليزي,نوتينجهام فورست,ليفربول,03/2/2024 - 17:00,الأسبوع السابع والعشرون,انتهت,0 - 1
الدوري الإنجليزي,برينتفورد,تشيلسي,03/2/2024 - 17:00,الأسبوع السابع والعشرون,انتهت,2 - 2
الدوري الإنجليزي,لوتون تاون,أستون فيلا,03/2/2024 - 19:30,الأسبوع السابع والعشرون,انتهت,2 - 3
الدوري الإسباني,اشبيلية,ريال سوسيداد,03/2/2024 - 15:00,الأسبوع السابع والعشرون,انتهت,3 - 2
الدوري الإسباني,رايو فاييكانو,قادش,03/2/2024 - 17:15,الأسبوع السابع والعشرون,انتهت,1 - 1
الدوري الإسباني,خيتافي,لاس بالماس,03/2/2024 - 19:30,الأسبوع السابع والعشرون,انتهت,3 - 3
الدوري الإسباني,فالنسيا,ريال مدريد,03/2/2024 - 22:00,الأسبوع السابع والعشرون,انتهت,2 - 2
الدوري السعودي,الخليج,الشباب,03/2/2024 - 16:00,الأسبوع الثاني والعشرون,انتهت,0 - 0
الدوري السعودي,ضمك,الاتفـــــاق,03/2/2024 - 16:00,الأسبوع الثاني والعشرون,انتهت,0 - 2
الدوري السعودي,أهلي جدة,الفتح,03/2/2024 - 19:00,الأسبوع الثاني والعشرون,انتهت,1 - 1
الدوري الإيطالي,أودينيزي,ساليرنيتانا,03/2/2024 - 16:00,الأسبوع السابع والعشرون,انتهت,1 - 1
الدوري الإيطالي,مونزا,روما,03/2/2024 - 19:00,الأسبوع السابع والعشرون,انتهت,1 - 4
الدوري الإيطالي,تورينو,فيورنتينا,03/2/2024 - 21:45,الأسبوع السابع والعشرون,انتهت,0 - 0
الدوري الألماني,يونيون برلين,بروسيا دورتموند,03/2/2024 - 16:30,الأسبوع الرابع والعشرون,انتهت,0 - 2
الدوري الألماني,ماينز,مونشنجلادباخ,03/2/2024 - 16:30,الأسبوع الرابع والعشرون,انتهت,1 - 1
الدوري الألماني,بوخوم,لايبزيج,03/2/2024 - 16:30,الأسبوع الرابع والعشرون,انتهت,1 - 4
الدوري الألماني,دارمشتات,أوجسبورج,03/2/2024 - 16:30,الأسبوع الرابع والعشرون,انتهت,0 - 6
الدوري الألماني,هايدنهايم,آ. فرانكفورت,03/2/2024 - 16:30,الأسبوع الرابع والعشرون,انتهت,1 - 2
الدوري الألماني,فولفسبورج,شتوتجارت,03/2/2024 - 19:30,الأسبوع الرابع والعشرون,انتهت,2 - 3
الدوري الفرنسي,ريمس,ليل,03/2/2024 - 18:00,الأسبوع الرابع والعشرون,انتهت,0 - 1
الدوري الفرنسي,كليرمونت,مارسيليا,03/2/2024 - 22:00,الأسبوع الرابع والعشرون,انتهت,1 - 5
الدوري المغربي,اتحاد طنجة,الجيش الملكي,03/2/2024 - 19:00,الأسبوع الثاني والعشرون,انتهت,1 - 2
الدوري المغربي,نهضة الزمامرة,حسنية اغادير,03/2/2024 - 21:00,الأسبوع الثاني والعشرون,انتهت,3 - 0
الدوري التركي,أنقرة جوتشو,إسطنبول سبور,03/2/2024 - 12:30,الأسبوع الثامن والعشرون,انتهت,1 - 1
الدوري التركي,ريزه سبور,قيصري سبور,03/2/2024 - 15:00,الأسبوع الثامن والعشرون,انتهت,3 - 0
الدوري التركي,هاتاي سبور,فنربخشة,03/2/2024 - 18:00,الأسبوع الثامن والعشرون,انتهت,0 - 2
الدوري التونسي,اتحاد تطاوين,قوافل قفصة,03/2/2024 - 15:30,الأسبوع الخامس,انتهت,1 - 0
الدوري التونسي,البنزرتي,سليمان الرياضي,03/2/2024 - 15:30,الأسبوع الخامس,انتهت,2 - 0
الدوري البرتغالي,موريرنسي,ريو آفي,03/2/2024 - 17:30,الأسبوع الرابع والعشرون,انتهت,0 - 0
الدوري البرتغالي,إستوريل,فيتوريا جيماريش,03/2/2024 - 20:00,الأسبوع الرابع والعشرون,انتهت,1 - 3
الدوري البرتغالي,سبورتينج براجا,إستريلا,03/2/2024 - 22:30,الأسبوع الرابع والعشرون,انتهت,3 - 0
الدوري الإماراتي,النصر الإماراتي,بني ياس,03/2/2024 - 15:35,الأسبوع الخامس عشر,انتهت,1 - 0
الدوري الإماراتي,الوحـــدة,الجــزيرة,03/2/2024 - 18:15,الأسبوع الخامس عشر,انتهت,3 - 2
الدوري المصري,إنبي,الاتحاد السكندري,03/3/2024 - 19:00,الأسبوع الخامس عشر,انتهت,1 - 2
الدوري الإنجليزي,بيرنلي,بورنموث,03/3/2024 - 15:00,الأسبوع السابع والعشرون,انتهت,0 - 2
الدوري الإنجليزي,مانشستر سيتي,مانشستر يونايتد,03/3/2024 - 17:30,الأسبوع السابع والعشرون,انتهت,3 - 1
الدوري الإسباني,فياريال,غرناطه,03/3/2024 - 15:00,الأسبوع السابع والعشرون,انتهت,5 - 1
الدوري الإسباني,اتلتيكو مدريد,ريال بيتيس,03/3/2024 - 17:15,الأسبوع السابع والعشرون,انتهت,2 - 1
الدوري الإسباني,مايوركا,جيرونا,03/3/2024 - 19:30,الأسبوع السابع والعشرون,انتهت,1 - 0
الدوري الإسباني,أتلتيك بلباو,برشلونة,03/3/2024 - 22:00,الأسبوع السابع والعشرون,انتهت,0 - 0
الكونفيدرالية الإفريقية,ديابل نوار,سيخوخون يونايتد,03/3/2024 - 15:00,الجولة السادسة,انتهت,0 - 0
الكونفيدرالية الإفريقية,اتحاد العاصمة,سوبر سبورت,03/3/2024 - 18:00,الجولة السادسة,انتهت,2 - 1
الكونفيدرالية الإفريقية,مودرن فيوتشر,الهلال الليبي,03/3/2024 - 18:00,الجولة السادسة,انتهت,5 - 0
الكونفيدرالية الإفريقية,ريفرز يونايتد,دريمز,03/3/2024 - 18:00,الجولة السادسة,انتهت,2 - 1
الكونفيدرالية الإفريقية,الافريقي التونسي,أكاديميكا لوبيتو,03/3/2024 - 18:00,الجولة السادسة,انتهت,1 - 1
الكونفيدرالية الإفريقية,الزمالك,سوار,03/3/2024 - 21:00,الجولة السادسة,مؤجل,- - -
الكونفيدرالية الإفريقية,ساجرادا اسبيرانسا,أبو سليم,03/3/2024 - 21:00,الجولة السادسة,انتهت,3 - 0
الكونفيدرالية الإفريقية,نهضة بركان,ستاد مالي,03/3/2024 - 21:00,الجولة السادسة,انتهت,3 - 0
الدوري الإيطالي,هيلاس فيرونا,ساسولو,03/3/2024 - 13:30,الأسبوع السابع والعشرون,انتهت,1 - 0
الدوري الإيطالي,إمبولي,كالياري,03/3/2024 - 16:00,الأسبوع السابع والعشرون,انتهت,0 - 1
الدوري الإيطالي,فروزينوني,ليتشي,03/3/2024 - 16:00,الأسبوع السابع والعشرون,انتهت,1 - 1
الدوري الإيطالي,أتالانتا,بولونيا,03/3/2024 - 19:00,الأسبوع السابع والعشرون,انتهت,1 - 2
الدوري الإيطالي,نابولي,يوفنتوس,03/3/2024 - 21:45,الأسبوع السابع والعشرون,انتهت,2 - 1
الدوري الألماني,كولن,باير ليفركوزن,03/3/2024 - 16:30,الأسبوع الرابع والعشرون,انتهت,0 - 2
الدوري الألماني,هوفنهايم,فيردر بريمن,03/3/2024 - 18:30,الأسبوع الرابع والعشرون,انتهت,2 - 1
الدوري الفرنسي,تولوز,نيس,03/3/2024 - 14:00,الأسبوع الرابع والعشرون,انتهت,2 - 1
الدوري الفرنسي,بريست,لوهافر,03/3/2024 - 16:00,الأسبوع الرابع والعشرون,انتهت,1 - 0
الدوري الفرنسي,نانت,ميتز,03/3/2024 - 16:00,الأسبوع الرابع والعشرون,انتهت,0 - 2
الدوري الفرنسي,مونبيليه,ستراسبورج,03/3/2024 - 16:00,الأسبوع الرابع والعشرون,انتهت,2 - 2
الدوري الفرنسي,رين,لوريان,03/3/2024 - 18:05,الأسبوع الرابع والعشرون,انتهت,1 - 2
الدوري الفرنسي,ليون,لانس,03/3/2024 - 21:45,الأسبوع الرابع والعشرون,انتهت,0 - 3
الدوري المغربي,الشباب الرياضي السالمي,المغرب التطواني,03/3/2024 - 17:00,الأسبوع الثاني والعشرون,انتهت,1 - 2
الدوري المغربي,الرجاء البيضاوي,أولمبيك آسفي,03/3/2024 - 19:00,الأسبوع الثاني والعشرون,انتهت,1 - 0
الدوري التركي,إسطنبول باشاكشهير,سامسون سبور,03/3/2024 - 12:30,الأسبوع الثامن والعشرون,انتهت,1 - 0
الدوري التركي,بينديكسبور,قونيا سبور,03/3/2024 - 12:30,الأسبوع الثامن والعشرون,انتهت,0 - 2
الدوري التركي,بشكتاش,جالاتا سراي,03/3/2024 - 18:00,الأسبوع الثامن والعشرون,انتهت,0 - 1
الدوري التونسي,النجم الرياضي بالمتلوي,إتحاد بن قردان,03/3/2024 - 15:30,الأسبوع الخامس,انتهت,3 - 1
الدوري التونسي,الأولمبي الباجي,مستقبل المرسى,03/3/2024 - 15:30,الأسبوع الخامس,انتهت,3 - 0
الدوري البرتغالي,بورتيمونينسي,فيزيلا,03/3/2024 - 17:30,الأسبوع الرابع والعشرون,انتهت,0 - 0
الدوري البرتغالي,كازا بيا,جل فيسنتي,03/3/2024 - 17:30,الأسبوع الرابع والعشرون,انتهت,0 - 0
الدوري البرتغالي,سبورتينج لشبونة,فيرنسي,03/3/2024 - 20:00,الأسبوع الرابع والعشرون,انتهت,3 - 2
الدوري البرتغالي,بورتو,بنفيكا,03/3/2024 - 22:30,الأسبوع الرابع والعشرون,انتهت,5 - 0
الدوري الإنجليزي,شيفيلد يونايتد,أرسنال,03/4/2024 - 22:00,الأسبوع السابع والعشرون,انتهت,0 - 6
الدوري الإسباني,أوساسونا,ألافيس,03/4/2024 - 22:00,الأسبوع السابع والعشرون,انتهت,1 - 0
دوري أبطال آسيا,العين,النصر,03/4/2024 - 18:00,ذهاب دور ال8,انتهت,1 - 0
الدوري الإيطالي,إنتر ميلان,جنوى,03/4/2024 - 21:45,الأسبوع السابع والعشرون,انتهت,2 - 1
الدوري التركي,أضنة دمير سبور,فاتح كاراجومروك,03/4/2024 - 16:00,الأسبوع الثامن والعشرون,انتهت,1 - 0
الدوري التركي,ألانيا سبور,طرابزون سبور,03/4/2024 - 19:00,الأسبوع الثامن والعشرون,انتهت,3 - 1
الدوري التركي,انطاليا سبور,غازي عنتاب بي.بي.كي,03/4/2024 - 19:00,الأسبوع الثامن والعشرون,انتهت,1 - 0
الدوري البرتغالي,فاماليكاو,بوافيستا,03/4/2024 - 22:15,الأسبوع الرابع والعشرون,انتهت,1 - 1
الدوري المصري,طلائع الجيش,الداخلية,03/5/2024 - 16:00,الأسبوع الخامس عشر,انتهت,0 - 0
الدوري المصري,المصري,سموحة,03/5/2024 - 19:00,الأسبوع الخامس عشر,انتهت,2 - 0
دوري أبطال أوروبا,بايرن ميونيخ,لاتسيو,03/5/2024 - 22:00,عودة دور ال 16,انتهت,3 - 0
دوري أبطال أوروبا,ريال سوسيداد,باريس سان جيرمان,03/5/2024 - 22:00,عودة دور ال 16,انتهت,1 - 2
دوري أبطال آسيا,تشونبك هيونداي,أولسان هيونداي,03/5/2024 - 12:00,ذهاب دور ال8,انتهت,1 - 1
دوري أبطال آسيا,الهلال,الاتحاد,03/5/2024 - 20:00,ذهاب دور ال8,انتهت,2 - 0
الدوري المغربي,نهضة الزمامرة,الوداد البيضاوي,03/5/2024 - 19:00,الأسبوع العشرون,انتهت,0 - 0
دوري القسم الثاني-أ,مصر المقاصة,بترول أسيوط,03/5/2024 - 15:30,الجولة الرابعة,انتهت,1 - 2
دوري القسم الثاني-أ,أبو قير للاسمدة,مكادي,03/5/2024 - 15:30,الجولة الرابعة,انتهت,2 - 1
دوري القسم الثاني-أ,جمهورية شبين,النصر للتعدين,03/5/2024 - 15:30,الجولة الرابعة,انتهت,2 - 1
دوري القسم الثاني-أ,دكرنس,النجوم,03/5/2024 - 15:30,الجولة الرابعة,انتهت,4 - 0
دوري القسم الثاني-أ,المصرية للاتصالات,أسوان,03/5/2024 - 15:30,الجولة الرابعة,انتهت,1 - 0
الدوري التونسي,الترجى الرياضي,الملعب التونسي,03/5/2024 - 18:00,الأسبوع الأول,انتهت,2 - 0
دوري نجوم قطر,الدحيل,المرخية الرياضي,03/5/2024 - 17:00,الأسبوع السادس عشر,انتهت,0 - 0
دوري نجوم قطر,معيذر,الأهلي القطري,03/5/2024 - 19:00,الأسبوع السادس عشر,انتهت,1 - 1
دوري نجوم قطر,ام صلال,الشمال,03/5/2024 - 19:00,الأسبوع السادس عشر,انتهت,3 - 4
الدوري المصري,بيراميدز,فاركو,03/6/2024 - 19:00,الأسبوع الخامس عشر,انتهت,1 - 1
دوري أبطال أوروبا,ريال مدريد,لايبزيج,03/6/2024 - 22:00,عودة دور ال 16,انتهت,1 - 1
دوري أبطال أوروبا,مانشستر سيتي,كوبنهاجن,03/6/2024 - 22:00,عودة دور ال 16,انتهت,3 - 1
دوري أبطال آسيا,شاندونج تايشان,يوكوهاما مارينوس,03/6/2024 - 12:00,ذهاب دور ال8,انتهت,1 - 2
الدوري الأوروبي,سبورتينج لشبونة,أتالانتا,03/6/2024 - 19:45,ذهاب دور ال 16,انتهت,1 - 1
الدوري المغربي,نهضة بركان,الجيش الملكي,03/6/2024 - 19:00,الأسبوع العشرون,انتهت,1 - 2
دوري القسم الثاني-أ,بروكسي,طنطا‏,03/6/2024 - 15:30,الجولة الخامسة,انتهت,1 - 0
دوري القسم الثاني-أ,وادي دجلة,لافيينا أف سي,03/6/2024 - 15:30,الجولة الخامسة,انتهت,1 - 2
دوري القسم الثاني-أ,السكة الحديد,حرس الحدود,03/6/2024 - 15:30,الجولة الخامسة,انتهت,0 - 0
دوري القسم الثاني-أ,راية الرياضي,القناة,03/6/2024 - 15:30,الجولة الخامسة,انتهت,1 - 0
دوري القسم الثاني-أ,غزل المحلة,بتروجيت,03/6/2024 - 18:00,الجولة الخامسة,انتهت,2 - 2
الدوري التونسي,الصفاقســــي,الافريقي التونسي,03/6/2024 - 18:00,الأسبوع الأول,انتهت,0 - 0
الدوري التونسي,الإتحاد المنستيري,النجم الساحلى,03/6/2024 - 18:00,الأسبوع الأول,انتهت,0 - 0
دوري نجوم قطر,نادي قطر,العربي,03/6/2024 - 17:00,الأسبوع السادس عشر,انتهت,3 - 4
دوري نجوم قطر,الريان,الوكرة,03/6/2024 - 19:00,الأسبوع السادس عشر,انتهت,3 - 0
دوري نجوم قطر,الغرافة,السد القطري,03/6/2024 - 19:00,الأسبوع السادس عشر,انتهت,2 - 2
الدوري المصري,مودرن فيوتشر,زد,03/7/2024 - 19:00,الأسبوع الخامس عشر,انتهت,0 - 0
الدوري السعودي,الشباب,الفيحاء,03/7/2024 - 16:00,الأسبوع الثالث والعشرون,انتهت,2 - 3
الدوري السعودي,ضمك,الوحدة,03/7/2024 - 16:00,الأسبوع الثالث والعشرون,انتهت,1 - 0
الدوري السعودي,النصر,الرائد,03/7/2024 - 19:00,الأسبوع الثالث والعشرون,انتهت,1 - 3
الدوري الأوروبي,روما,برايتون,03/7/2024 - 19:45,ذهاب دور ال 16,الشوط الثاني,4 - 0
الدوري الأوروبي,كاراباج اجدام,باير ليفركوزن,03/7/2024 - 19:45,ذهاب دور ال 16,الشوط الثاني,2 - 1
الدوري الأوروبي,سبارتا براج,ليفربول,03/7/2024 - 19:45,ذهاب دور ال 16,الشوط الثاني,1 - 4
الدوري الأوروبي,بنفيكا,جلاسكو رينجرز,03/7/2024 - 22:00,ذهاب دور ال 16,لم تبدأ,- - -
الدوري الأوروبي,فرايبورج,وست هام يونايتد,03/7/2024 - 22:00,ذهاب دور ال 16,لم تبدأ,- - -
الدوري الأوروبي,مارسيليا,فياريال,03/7/2024 - 22:00,ذهاب دور ال 16,لم تبدأ,- - -
الدوري الأوروبي,ميلان,سلافيا براج,03/7/2024 - 22:00,ذهاب دور ال 16,لم تبدأ,- - -
دوري المؤتمر الأوروبي,شتورم جراتس,ليل,03/7/2024 - 19:45,ذهاب دور ال 16,الشوط الثاني,0 - 3
دوري المؤتمر الأوروبي,أوليمبياكوس,مكابى تل ابيب,03/7/2024 - 19:45,ذهاب دور ال 16,الشوط الثاني,1 - 4
دوري المؤتمر الأوروبي,أياكس امستردام,أستون فيلا,03/7/2024 - 19:45,ذهاب دور ال 16,الشوط الثاني,0 - 0
دوري المؤتمر الأوروبي,مولده,كلوب بروج,03/7/2024 - 19:45,ذهاب دور ال 16,الشوط الثاني,1 - 0
دوري المؤتمر الأوروبي,سيرفيت جنيف,فيكتوريا بلزن,03/7/2024 - 22:00,ذهاب دور ال 16,لم تبدأ,- - -
دوري المؤتمر الأوروبي,سان جيلواز,فنربخشة,03/7/2024 - 22:00,ذهاب دور ال 16,لم تبدأ,- - -
دوري المؤتمر الأوروبي,دينامو زغرب,باوك سالونيكا,03/7/2024 - 22:00,ذهاب دور ال 16,لم تبدأ,- - -
دوري المؤتمر الأوروبي,مكابي حيفا,فيورنتينا,03/7/2024 - 22:00,ذهاب دور ال 16,لم تبدأ,- - -
الدوري المصري,بلدية المحلة,الجونة,03/8/2024 - 16:00,الأسبوع السادس عشر,لم تبدأ,- - -
الدوري الإسباني,برشلونة,مايوركا,03/8/2024 - 22:00,الأسبوع الثامن والعشرون,لم تبدأ,- - -
كأس مصر,الزمالك,الأهلي,03/8/2024 - 19:30,النهائي,لم تبدأ,- - -
الدوري السعودي,الرياض,الهلال,03/8/2024 - 16:00,الأسبوع الثالث والعشرون,لم تبدأ,- - -
الدوري السعودي,الطــائي,الحزم,03/8/2024 - 16:00,الأسبوع الثالث والعشرون,لم تبدأ,- - -
الدوري السعودي,الاتحاد,الأخدود,03/8/2024 - 19:00,الأسبوع الثالث والعشرون,لم تبدأ,- - -
الدوري الإيطالي,نابولي,تورينو,03/8/2024 - 21:45,الأسبوع الثامن والعشرون,لم تبدأ,- - -
الدوري الألماني,شتوتجارت,يونيون برلين,03/8/2024 - 21:30,الأسبوع الخامس والعشرون,لم تبدأ,- - -
الدوري الفرنسي,نيس,مونبيليه,03/8/2024 - 22:00,الأسبوع الخامس والعشرون,لم تبدأ,- - -
الدوري المغربي,شباب المحمدية,الشباب الرياضي السالمي,03/8/2024 - 20:00,الأسبوع الثالث والعشرون,لم تبدأ,- - -
الدوري التركي,جالاتا سراي,ريزه سبور,03/8/2024 - 19:00,الأسبوع التاسع والعشرون,لم تبدأ,- - -
الدوري البرتغالي,بورتيمونينسي,بورتو,03/8/2024 - 20:45,الأسبوع الخامس والعشرون,لم تبدأ,- - -
الدوري البرتغالي,إستريلا,كازا بيا,03/8/2024 - 22:45,الأسبوع الخامس والعشرون,لم تبدأ,- - -
الدوري الإماراتي,نادي الامارات,البطائح,03/8/2024 - 15:35,الأسبوع الثالث عشر,لم تبدأ,- - -
الدوري الإماراتي,حتا,شباب الأهلي,03/8/2024 - 15:35,الأسبوع الثالث عشر,لم تبدأ,- - -
الدوري الإماراتي,عجمان,بني ياس,03/8/2024 - 18:15,الأسبوع الثالث عشر,لم تبدأ,- - -
الدوري الأفريقي لكرة السلة,بترو دي لواندا,نادي الفتح الرياضي,03/9/2024 - 12:00,الجولة الأولى,لم تبدأ,- - -
الدوري الأفريقي لكرة السلة,كيب تاون تايجرز,نادي دينامو,03/9/2024 - 15:00,الجولة الأولى,لم تبدأ,- - -
الدوري المصري,المقاولون العرب,الإسماعيلي,03/9/2024 - 16:00,الأسبوع السادس عشر,لم تبدأ,- - -
الدوري الإنجليزي,مانشستر يونايتد,ايفرتون,03/9/2024 - 14:30,الأسبوع الثامن والعشرون,لم تبدأ,- - -
الدوري الإنجليزي,بورنموث,شيفيلد يونايتد,03/9/2024 - 17:00,الأسبوع الثامن والعشرون,لم تبدأ,- - -
الدوري الإنجليزي,كريستال بالاس,لوتون تاون,03/9/2024 - 17:00,الأسبوع الثامن والعشرون,لم تبدأ,- - -
الدوري الإنجليزي,وولفرهامبتون,فولهام,03/9/2024 - 17:00,الأسبوع الثامن والعشرون,لم تبدأ,- - -
الدوري الإنجليزي,أرسنال,برينتفورد,03/9/2024 - 19:30,الأسبوع الثامن والعشرون,لم تبدأ,- - -
الدوري الإسباني,فالنسيا,خيتافي,03/9/2024 - 15:00,الأسبوع الثامن والعشرون,لم تبدأ,- - -
الدوري الإسباني,قادش,اتلتيكو مدريد,03/9/2024 - 17:15,الأسبوع الثامن والعشرون,لم تبدأ,- - -
الدوري الإسباني,غرناطه,ريال سوسيداد,03/9/2024 - 19:30,الأسبوع الثامن والعشرون,لم تبدأ,- - -
الدوري الإسباني,جيرونا,أوساسونا,03/9/2024 - 22:00,الأسبوع الثامن والعشرون,لم تبدأ,- - -
الدوري السعودي,الفتح,الخليج,03/9/2024 - 16:00,الأسبوع الثالث والعشرون,لم تبدأ,- - -
الدوري السعودي,الاتفـــــاق,أبها,03/9/2024 - 16:00,الأسبوع الثالث والعشرون,لم تبدأ,- - -
الدوري السعودي,التعاون,أهلي جدة,03/9/2024 - 19:00,الأسبوع الثالث والعشرون,لم تبدأ,- - -
الدوري الإيطالي,ساسولو,فروزينوني,03/9/2024 - 16:00,الأسبوع الثامن والعشرون,لم تبدأ,- - -
الدوري الإيطالي,كالياري,ساليرنيتانا,03/9/2024 - 16:00,الأسبوع الثامن والعشرون,لم تبدأ,- - -
الدوري الإيطالي,بولونيا,إنتر ميلان,03/9/2024 - 19:00,الأسبوع الثامن والعشرون,لم تبدأ,- - -
الدوري الإيطالي,جنوى,مونزا,03/9/2024 - 21:45,الأسبوع الثامن والعشرون,لم تبدأ,- - -
الدوري الألماني,لايبزيج,دارمشتات,03/9/2024 - 16:30,الأسبوع الخامس والعشرون,لم تبدأ,- - -
الدوري الألماني,بايرن ميونيخ,ماينز,03/9/2024 - 16:30,الأسبوع الخامس والعشرون,لم تبدأ,- - -
الدوري الألماني,أوجسبورج,هايدنهايم,03/9/2024 - 16:30,الأسبوع الخامس والعشرون,لم تبدأ,- - -
الدوري الألماني,مونشنجلادباخ,كولن,03/9/2024 - 16:30,الأسبوع الخامس والعشرون,لم تبدأ,- - -
الدوري الألماني,فيردر بريمن,بروسيا دورتموند,03/9/2024 - 19:30,الأسبوع الخامس والعشرون,لم تبدأ,- - -
الدوري الفرنسي,لوريان,ليون,03/9/2024 - 18:00,الأسبوع الخامس والعشرون,لم تبدأ,- - -
الدوري الفرنسي,لانس,بريست,03/9/2024 - 22:00,الأسبوع الخامس والعشرون,لم تبدأ,- - -
الدوري المغربي,الوداد البيضاوي,الاتحاد التوركي,03/9/2024 - 17:00,الأسبوع الثالث والعشرون,لم تبدأ,- - -
الدوري المغربي,أولمبيك آسفي,مولودية وجدة,03/9/2024 - 19:00,الأسبوع الثالث والعشرون,لم تبدأ,- - -
الدوري المغربي,المغرب الفاسي,اتحاد طنجة,03/9/2024 - 21:00,الأسبوع الثالث والعشرون,لم تبدأ,- - -
الدوري التركي,سيفاسبور,ألانيا سبور,03/9/2024 - 12:30,الأسبوع التاسع والعشرون,لم تبدأ,- - -
الدوري التركي,قونيا سبور,أضنة دمير سبور,03/9/2024 - 15:00,الأسبوع التاسع والعشرون,لم تبدأ,- - -
الدوري التركي,إسطنبول باشاكشهير,انطاليا سبور,03/9/2024 - 18:00,الأسبوع التاسع والعشرون,لم تبدأ,- - -
الدوري التركي,طرابزون سبور,فاتح كاراجومروك,03/9/2024 - 18:00,الأسبوع التاسع والعشرون,لم تبدأ,- - -
الدوري التونسي,قوافل قفصة,النجم الرياضي بالمتلوي,03/9/2024 - 15:30,الأسبوع السادس,لم تبدأ,- - -
الدوري التونسي,البنزرتي,مستقبل المرسى,03/9/2024 - 15:30,الأسبوع السادس,لم تبدأ,- - -
الدوري التونسي,الافريقي التونسي,الإتحاد المنستيري,03/9/2024 - 18:00,الأسبوع الثاني,لم تبدأ,- - -
الدوري البرتغالي,فيزيلا,فيرنسي,03/9/2024 - 17:30,الأسبوع الخامس والعشرون,لم تبدأ,- - -
الدوري البرتغالي,ريو آفي,سبورتينج براجا,03/9/2024 - 20:00,الأسبوع الخامس والعشرون,لم تبدأ,- - -
الدوري البرتغالي,بوافيستا,موريرنسي,03/9/2024 - 20:00,الأسبوع الخامس والعشرون,لم تبدأ,- - -
الدوري البرتغالي,فيتوريا جيماريش,فاماليكاو,03/9/2024 - 22:30,الأسبوع الخامس والعشرون,لم تبدأ,- - -
الدوري الأفريقي لكرة السلة,نادي دينامو,نادي الفتح الرياضي,03/10/2024 - 12:00,الجولة الثانية,لم تبدأ,- - -
الدوري الأفريقي لكرة السلة,بترو دي لواندا,كيب تاون تايجرز,03/10/2024 - 15:00,الجولة الثانية,لم تبدأ,- - -
الدوري المصري,سموحة,سيراميكا كليوباترا,03/10/2024 - 16:00,الأسبوع السادس عشر,لم تبدأ,- - -
الدوري المصري,الداخلية,بيراميدز,03/10/2024 - 16:00,الأسبوع السادس عشر,لم تبدأ,- - -
الدوري الإنجليزي,أستون فيلا,توتنهام هوتسبر,03/10/2024 - 15:00,الأسبوع الثامن والعشرون,لم تبدأ,- - -
الدوري الإنجليزي,وست هام يونايتد,بيرنلي,03/10/2024 - 16:00,الأسبوع الثامن والعشرون,لم تبدأ,- - -
الدوري الإنجليزي,برايتون,نوتينجهام فورست,03/10/2024 - 16:00,الأسبوع الثامن والعشرون,لم تبدأ,- - -
الدوري الإنجليزي,ليفربول,مانشستر سيتي,03/10/2024 - 17:45,الأسبوع الثامن والعشرون,لم تبدأ,- - -
الدوري الإسباني,ألافيس,رايو فاييكانو,03/10/2024 - 15:00,الأسبوع الثامن والعشرون,لم تبدأ,- - -
الدوري الإسباني,لاس بالماس,أتلتيك بلباو,03/10/2024 - 17:15,الأسبوع الثامن والعشرون,لم تبدأ,- - -
الدوري الإسباني,ريال مدريد,سيلتا فيجو,03/10/2024 - 19:30,الأسبوع الثامن والعشرون,لم تبدأ,- - -
الدوري الإسباني,ريال بيتيس,فياريال,03/10/2024 - 22:00,الأسبوع الثامن والعشرون,لم تبدأ,- - -
الدوري الإيطالي,ليتشي,هيلاس فيرونا,03/10/2024 - 13:30,الأسبوع الثامن والعشرون,لم تبدأ,- - -
الدوري الإيطالي,ميلان,إمبولي,03/10/2024 - 16:00,الأسبوع الثامن والعشرون,لم تبدأ,- - -
الدوري الإيطالي,يوفنتوس,أتالانتا,03/10/2024 - 19:00,الأسبوع الثامن والعشرون,لم تبدأ,- - -
الدوري الإيطالي,فيورنتينا,روما,03/10/2024 - 21:45,الأسبوع الثامن والعشرون,لم تبدأ,- - -
الدوري الألماني,بوخوم,فرايبورج,03/10/2024 - 16:30,الأسبوع الخامس والعشرون,لم تبدأ,- - -
الدوري الألماني,آ. فرانكفورت,هوفنهايم,03/10/2024 - 18:30,الأسبوع الخامس والعشرون,لم تبدأ,- - -
الدوري الألماني,باير ليفركوزن,فولفسبورج,03/10/2024 - 20:30,الأسبوع الخامس والعشرون,لم تبدأ,- - -
الدوري الفرنسي,باريس سان جيرمان,ريمس,03/10/2024 - 14:00,الأسبوع الخامس والعشرون,لم تبدأ,- - -
الدوري الفرنسي,ستراسبورج,موناكو,03/10/2024 - 16:00,الأسبوع الخامس والعشرون,لم تبدأ,- - -
الدوري الفرنسي,ميتز,كليرمونت,03/10/2024 - 16:00,الأسبوع الخامس والعشرون,لم تبدأ,- - -
الدوري الفرنسي,لوهافر,تولوز,03/10/2024 - 16:00,الأسبوع الخامس والعشرون,لم تبدأ,- - -
الدوري الفرنسي,ريمس,ميتز,03/10/2024 - 16:00,الأسبوع السادس والعشرون,لم تبدأ,- - -
الدوري الفرنسي,ليل,رين,03/10/2024 - 18:00,الأسبوع الخامس والعشرون,لم تبدأ,- - -
الدوري الفرنسي,مارسيليا,نانت,03/10/2024 - 21:45,الأسبوع الخامس والعشرون,لم تبدأ,- - -
الدوري المغربي,المغرب التطواني,نهضة الزمامرة,03/10/2024 - 16:00,الأسبوع الثالث والعشرون,لم تبدأ,- - -
الدوري المغربي,حسنية اغادير,نهضة بركان,03/10/2024 - 16:00,الأسبوع الثالث والعشرون,لم تبدأ,- - -
الدوري المغربي,الفتح الرباطي,الرجاء البيضاوي,03/10/2024 - 18:00,الأسبوع الثالث والعشرون,لم تبدأ,- - -
الدوري المغربي,يوسفية برشيد,الجيش الملكي,03/10/2024 - 20:00,الأسبوع الثالث والعشرون,لم تبدأ,- - -
دوري القسم الثاني-أ,بترول أسيوط,دكرنس,03/10/2024 - 15:30,الجولة الخامسة,لم تبدأ,- - -
دوري القسم الثاني-أ,مكادي,مصر المقاصة,03/10/2024 - 15:30,الجولة الخامسة,لم تبدأ,- - -
دوري القسم الثاني-أ,جمهورية شبين,أبو قير للاسمدة,03/10/2024 - 15:30,الجولة الخامسة,لم تبدأ,- - -
دوري القسم الثاني-أ,النجوم,المصرية للاتصالات,03/10/2024 - 15:30,الجولة الخامسة,لم تبدأ,- - -
دوري القسم الثاني-أ,النصر للتعدين,أسوان,03/10/2024 - 15:30,الجولة الخامسة,لم تبدأ,- - -
الدوري التركي,قيصري سبور,هاتاي سبور,03/10/2024 - 12:30,الأسبوع التاسع والعشرون,لم تبدأ,- - -
الدوري التركي,إسطنبول سبور,قاسم باشا,03/10/2024 - 15:00,الأسبوع التاسع والعشرون,لم تبدأ,- - -
الدوري التركي,سامسون سبور,أنقرة جوتشو,03/10/2024 - 15:00,الأسبوع التاسع والعشرون,لم تبدأ,- - -
الدوري التركي,فنربخشة,بينديكسبور,03/10/2024 - 18:00,الأسبوع التاسع والعشرون,لم تبدأ,- - -
الدوري التونسي,الملعب التونسي,الصفاقســــي,03/10/2024 - 15:30,الأسبوع الثاني,لم تبدأ,- - -
الدوري التونسي,النجم الساحلى,الترجى الرياضي,03/10/2024 - 15:30,الأسبوع الثاني,لم تبدأ,- - -
الدوري التونسي,إتحاد بن قردان,الأولمبي الباجي,03/10/2024 - 15:30,الأسبوع السادس,لم تبدأ,- - -
الدوري التونسي,سليمان الرياضي,اتحاد تطاوين,03/10/2024 - 15:30,الأسبوع السادس,لم تبدأ,- - -
الدوري البرتغالي,أروكا,سبورتينج لشبونة,03/10/2024 - 20:00,الأسبوع الخامس والعشرون,لم تبدأ,- - -
الدوري البرتغالي,بنفيكا,إستوريل,03/10/2024 - 22:30,الأسبوع الخامس والعشرون,لم تبدأ,- - -
دوري نجوم قطر,العربي,السد القطري,03/10/2024 - 17:00,الأسبوع السابع عشر,لم تبدأ,- - -
دوري نجوم قطر,الوكرة,الدحيل,03/10/2024 - 19:00,الأسبوع السابع عشر,لم تبدأ,- - -
الدوري المصري,الاتحاد السكندري,مودرن فيوتشر,03/11/2024 - 21:30,الأسبوع السادس عشر,لم تبدأ,- - -
الدوري الإنجليزي,تشيلسي,نيوكاسل,03/11/2024 - 22:00,الأسبوع الثامن والعشرون,لم تبدأ,- - -
الدوري الإسباني,الميريا,اشبيلية,03/11/2024 - 22:00,الأسبوع الثامن والعشرون,لم تبدأ,- - -
دوري أبطال آسيا,النصر,العين,03/11/2024 - 21:00,عودة دور ال8,لم تبدأ,- - -
الدوري الإيطالي,لاتسيو,أودينيزي,03/11/2024 - 21:45,الأسبوع الثامن والعشرون,لم تبدأ,- - -
الدوري التركي,غازي عنتاب بي.بي.كي,بشكتاش,03/11/2024 - 19:30,الأسبوع التاسع والعشرون,لم تبدأ,- - -
الدوري البرتغالي,جل فيسنتي,شافيش,03/11/2024 - 22:15,الأسبوع الخامس والعشرون,لم تبدأ,- - -
دوري نجوم قطر,معيذر,الغرافة,03/11/2024 - 17:00,الأسبوع السابع عشر,لم تبدأ,- - -
دوري نجوم قطر,الشمال,المرخية الرياضي,03/11/2024 - 19:00,الأسبوع السابع عشر,لم تبدأ,- - -
الدوري الأفريقي لكرة السلة,نادي دينامو,بترو دي لواندا,03/12/2024 - 12:00,الجولة الثالثة,لم تبدأ,- - -
الدوري الأفريقي لكرة السلة,كيب تاون تايجرز,نادي الفتح الرياضي,03/12/2024 - 15:00,الجولة الثالثة,لم تبدأ,- - -
الدوري المصري,الجونة,الزمالك,03/12/2024 - 21:30,الأسبوع الخامس عشر,لم تبدأ,- - -
الدوري المصري,البنك الاهلي,الأهلي,03/12/2024 - 21:30,الأسبوع الخامس عشر,لم تبدأ,- - -
الدوري المصري,زد,المصري,03/12/2024 - 21:30,الأسبوع السادس عشر,لم تبدأ,- - -
دوري أبطال أوروبا,برشلونة,نابولي,03/12/2024 - 22:00,عودة دور ال 16,لم تبدأ,- - -
دوري أبطال أوروبا,أرسنال,بورتو,03/12/2024 - 22:00,عودة دور ال 16,لم تبدأ,- - -
دوري أبطال آسيا,أولسان هيونداي,تشونبك هيونداي,03/12/2024 - 12:00,عودة دور ال8,لم تبدأ,- - -
دوري أبطال آسيا,الاتحاد,الهلال,03/12/2024 - 21:00,عودة دور ال8,لم تبدأ,- - -
الدوري المغربي,الوداد البيضاوي,اتحاد طنجة,03/12/2024 - 23:00,الأسبوع الحادي والعشرون,لم تبدأ,- - -
كأس ألمانيا,ساربروكن,مونشنجلادباخ,03/12/2024 - 21:30,ربع النهائي,لم تبدأ,- - -
دوري نجوم قطر,نادي قطر,الأهلي القطري,03/12/2024 - 20:30,الأسبوع السابع عشر,لم تبدأ,- - -
دوري نجوم قطر,الريان,ام صلال,03/12/2024 - 20:30,الأسبوع السابع عشر,لم تبدأ,- - -
الدوري الإنجليزي,بورنموث,لوتون تاون,03/13/2024 - 17:00,الأسبوع السابع عشر,لم تبدأ,- - -
دوري أبطال أوروبا,بروسيا دورتموند,إيندهوفن,03/13/2024 - 22:00,عودة دور ال 16,لم تبدأ,- - -
دوري أبطال أوروبا,اتلتيكو مدريد,إنتر ميلان,03/13/2024 - 22:00,عودة دور ال 16,لم تبدأ,- - -
دوري أبطال آسيا,يوكوهاما مارينوس,شاندونج تايشان,03/13/2024 - 12:00,عودة دور ال8,لم تبدأ,- - -
كأس فرنسا,باريس سان جيرمان,نيس,03/13/2024 - 22:10,ربع النهائي,لم تبدأ,- - -
الدوري المغربي,يوسفية برشيد,نهضة بركان,03/13/2024 - 23:00,الأسبوع الحادي والعشرون,لم تبدأ,- - -
الدوري الإماراتي,بني ياس,الوصل,03/13/2024 - 20:00,الأسبوع السادس عشر,لم تبدأ,- - -
الدوري الإماراتي,حتا,الوحـــدة,03/13/2024 - 20:00,الأسبوع السادس عشر,لم تبدأ,- - -
الدوري الإماراتي,نادي الامارات,خورفكان,03/13/2024 - 20:00,الأسبوع السادس عشر,لم تبدأ,- - -
الدوري الأفريقي لكرة السلة,نادي دينامو,كيب تاون تايجرز,03/14/2024 - 12:00,الجولة الرابعة,لم تبدأ,- - -
الدوري الأفريقي لكرة السلة,نادي الفتح الرياضي,بترو دي لواندا,03/14/2024 - 15:00,الجولة الرابعة,لم تبدأ,- - -
الدوري السعودي,الخليج,الأخدود,03/14/2024 - 21:00,الأسبوع الرابع والعشرون,لم تبدأ,- - -
الدوري السعودي,أبها,الوحدة,03/14/2024 - 21:00,الأسبوع الرابع والعشرون,لم تبدأ,- - -
الدوري السعودي,الحزم,الشباب,03/14/2024 - 21:00,الأسبوع الرابع والعشرون,لم تبدأ,- - -
الدوري الأوروبي,سلافيا براج,ميلان,03/14/2024 - 19:45,عودة دور ال 16,لم تبدأ,- - -
الدوري الأوروبي,فياريال,مارسيليا,03/14/2024 - 19:45,عودة دور ال 16,لم تبدأ,- - -
الدوري الأوروبي,وست هام يونايتد,فرايبورج,03/14/2024 - 19:45,عودة دور ال 16,لم تبدأ,- - -
الدوري الأوروبي,جلاسكو رينجرز,بنفيكا,03/14/2024 - 19:45,عودة دور ال 16,لم تبدأ,- - -
الدوري الأوروبي,ليفربول,سبارتا براج,03/14/2024 - 22:00,عودة دور ال 16,لم تبدأ,- - -
الدوري الأوروبي,باير ليفركوزن,كاراباج اجدام,03/14/2024 - 22:00,عودة دور ال 16,لم تبدأ,- - -
الدوري الأوروبي,برايتون,روما,03/14/2024 - 22:00,عودة دور ال 16,لم تبدأ,- - -
الدوري الأوروبي,أتالانتا,سبورتينج لشبونة,03/14/2024 - 22:00,عودة دور ال 16,لم تبدأ,- - -
دوري المؤتمر الأوروبي,باوك سالونيكا,دينامو زغرب,03/14/2024 - 19:45,عودة دور ال 16,لم تبدأ,- - -
دوري المؤتمر الأوروبي,فيورنتينا,مكابي حيفا,03/14/2024 - 19:45,عودة دور ال 16,لم تبدأ,- - -
دوري المؤتمر الأوروبي,فيكتوريا بلزن,سيرفيت جنيف,03/14/2024 - 19:45,عودة دور ال 16,لم تبدأ,- - -
دوري المؤتمر الأوروبي,فنربخشة,سان جيلواز,03/14/2024 - 19:45,عودة دور ال 16,لم تبدأ,- - -
دوري المؤتمر الأوروبي,ليل,شتورم جراتس,03/14/2024 - 22:00,عودة دور ال 16,لم تبدأ,- - -
دوري المؤتمر الأوروبي,مكابى تل ابيب,أوليمبياكوس,03/14/2024 - 22:00,عودة دور ال 16,لم تبدأ,- - -
دوري المؤتمر الأوروبي,أستون فيلا,أياكس امستردام,03/14/2024 - 22:00,عودة دور ال 16,لم تبدأ,- - -
دوري المؤتمر الأوروبي,كلوب بروج,مولده,03/14/2024 - 22:00,عودة دور ال 16,لم تبدأ,- - -
الدوري الإماراتي,شباب الأهلي,البطائح,03/14/2024 - 20:00,الأسبوع السادس عشر,لم تبدأ,- - -
الدوري الإماراتي,الجــزيرة,اتحاد كلباء,03/14/2024 - 20:00,الأسبوع السادس عشر,لم تبدأ,- - -
الدوري الإماراتي,الشــارقة,النصر الإماراتي,03/14/2024 - 20:00,الأسبوع السادس عشر,لم تبدأ,- - -
الدوري الإسباني,ريال سوسيداد,قادش,03/15/2024 - 22:00,الأسبوع التاسع والعشرون,لم تبدأ,- - -
الدوري السعودي,الطــائي,الاتفـــــاق,03/15/2024 - 21:00,الأسبوع الرابع والعشرون,لم تبدأ,- - -
الدوري السعودي,الفيحاء,الرياض,03/15/2024 - 21:00,الأسبوع الرابع والعشرون,لم تبدأ,- - -
الدوري السعودي,أهلي جدة,النصر,03/15/2024 - 21:00,الأسبوع الرابع والعشرون,لم تبدأ,- - -
الدوري الإيطالي,إمبولي,بولونيا,03/15/2024 - 21:45,الأسبوع التاسع والعشرون,لم تبدأ,- - -
الدوري الألماني,كولن,لايبزيج,03/15/2024 - 21:30,الأسبوع السادس والعشرون,لم تبدأ,- - -
الدوري الفرنسي,تولوز,ليون,03/15/2024 - 22:00,الأسبوع السادس والعشرون,لم تبدأ,- - -
الدوري المغربي,الاتحاد التوركي,المغرب الفاسي,03/15/2024 - 23:00,الأسبوع الرابع والعشرون,لم تبدأ,- - -
الدوري التركي,بينديكسبور,إسطنبول سبور,03/15/2024 - 19:30,الأسبوع الثلاثون,لم تبدأ,- - -
الدوري التركي,فاتح كاراجومروك,قونيا سبور,03/15/2024 - 19:30,الأسبوع الثلاثون,لم تبدأ,- - -
الدوري البرتغالي,إستوريل,بورتيمونينسي,03/15/2024 - 22:15,الأسبوع السادس والعشرون,لم تبدأ,- - -
دوري نجوم قطر,السد القطري,معيذر,03/15/2024 - 20:30,الأسبوع الثامن عشر,لم تبدأ,- - -
دوري نجوم قطر,الدحيل,الشمال,03/15/2024 - 20:30,الأسبوع الثامن عشر,لم تبدأ,- - -
الدوري الإماراتي,عجمان,العين,03/15/2024 - 20:00,الأسبوع السادس عشر,لم تبدأ,- - -
الدوري الأفريقي لكرة السلة,كيب تاون تايجرز,بترو دي لواندا,03/16/2024 - 12:00,الجولة الخامسة,لم تبدأ,- - -
الدوري الأفريقي لكرة السلة,نادي الفتح الرياضي,نادي دينامو,03/16/2024 - 15:00,الجولة الخامسة,لم تبدأ,- - -
الدوري الإنجليزي,بيرنلي,برينتفورد,03/16/2024 - 17:00,الأسبوع التاسع والعشرون,لم تبدأ,- - -
الدوري الإنجليزي,لوتون تاون,نوتينجهام فورست,03/16/2024 - 17:00,الأسبوع التاسع والعشرون,لم تبدأ,- - -
الدوري الإنجليزي,فولهام,توتنهام هوتسبر,03/16/2024 - 19:30,الأسبوع التاسع والعشرون,لم تبدأ,- - -
الدوري الإسباني,مايوركا,غرناطه,03/16/2024 - 15:00,الأسبوع التاسع والعشرون,لم تبدأ,- - -
الدوري الإسباني,أوساسونا,ريال مدريد,03/16/2024 - 17:15,الأسبوع التاسع والعشرون,لم تبدأ,- - -
الدوري الإسباني,خيتافي,جيرونا,03/16/2024 - 19:30,الأسبوع التاسع والعشرون,لم تبدأ,- - -
الدوري الإسباني,أتلتيك بلباو,ألافيس,03/16/2024 - 22:00,الأسبوع التاسع والعشرون,لم تبدأ,- - -
كأس الاتحاد الإنجليزي,وولفرهامبتون,كوفنتري سيتي,03/16/2024 - 14:15,ربع النهائي,لم تبدأ,- - -
كأس الاتحاد الإنجليزي,مانشستر سيتي,نيوكاسل,03/16/2024 - 19:30,ربع النهائي,لم تبدأ,- - -
الدوري السعودي,الهلال,ضمك,03/16/2024 - 21:00,الأسبوع الرابع والعشرون,لم تبدأ,- - -
الدوري السعودي,الرائد,التعاون,03/16/2024 - 21:00,الأسبوع الرابع والعشرون,لم تبدأ,- - -
الدوري السعودي,الفتح,الاتحاد,03/16/2024 - 21:00,الأسبوع الرابع والعشرون,لم تبدأ,- - -
الدوري الإيطالي,أودينيزي,تورينو,03/16/2024 - 16:00,الأسبوع التاسع والعشرون,لم تبدأ,- - -
الدوري الإيطالي,مونزا,كالياري,03/16/2024 - 16:00,الأسبوع التاسع والعشرون,لم تبدأ,- - -
الدوري الإيطالي,ساليرنيتانا,ليتشي,03/16/2024 - 19:00,الأسبوع التاسع والعشرون,لم تبدأ,- - -
الدوري الإيطالي,فروزينوني,لاتسيو,03/16/2024 - 21:45,الأسبوع التاسع والعشرون,لم تبدأ,- - -
الدوري الألماني,يونيون برلين,فيردر بريمن,03/16/2024 - 16:30,الأسبوع السادس والعشرون,لم تبدأ,- - -
الدوري الألماني,دارمشتات,بايرن ميونيخ,03/16/2024 - 16:30,الأسبوع السادس والعشرون,لم تبدأ,- - -
الدوري الألماني,هايدنهايم,مونشنجلادباخ,03/16/2024 - 16:30,الأسبوع السادس والعشرون,لم تبدأ,- - -
الدوري الألماني,فولفسبورج,أوجسبورج,03/16/2024 - 16:30,الأسبوع السادس والعشرون,لم تبدأ,- - -
الدوري الألماني,ماينز,بوخوم,03/16/2024 - 16:30,الأسبوع السادس والعشرون,لم تبدأ,- - -
الدوري الألماني,هوفنهايم,شتوتجارت,03/16/2024 - 19:30,الأسبوع السادس والعشرون,لم تبدأ,- - -
الدوري الفرنسي,نانت,ستراسبورج,03/16/2024 - 18:00,الأسبوع السادس والعشرون,لم تبدأ,- - -
الدوري الفرنسي,لانس,نيس,03/16/2024 - 22:00,الأسبوع السادس والعشرون,لم تبدأ,- - -
الدوري المغربي,نهضة الزمامرة,شباب المحمدية,03/16/2024 - 23:00,الأسبوع الرابع والعشرون,لم تبدأ,- - -
الدوري المغربي,مولودية وجدة,المغرب التطواني,03/16/2024 - 23:00,الأسبوع الرابع والعشرون,لم تبدأ,- - -
الدوري المغربي,الجيش الملكي,أولمبيك آسفي,03/16/2024 - 23:00,الأسبوع الرابع والعشرون,لم تبدأ,- - -
الدوري المغربي,الرجاء البيضاوي,الشباب الرياضي السالمي,03/16/2024 - 23:00,الأسبوع الرابع والعشرون,لم تبدأ,- - -
الدوري التركي,ألانيا سبور,قيصري سبور,03/16/2024 - 12:30,الأسبوع الثلاثون,لم تبدأ,- - -
الدوري التركي,أنقرة جوتشو,إسطنبول باشاكشهير,03/16/2024 - 15:00,الأسبوع الثلاثون,لم تبدأ,- - -
الدوري التركي,بشكتاش,انطاليا سبور,03/16/2024 - 19:30,الأسبوع الثلاثون,لم تبدأ,- - -
الدوري التركي,أضنة دمير سبور,سيفاسبور,03/16/2024 - 19:30,الأسبوع الثلاثون,لم تبدأ,- - -
الدوري التونسي,الصفاقســــي,الإتحاد المنستيري,03/16/2024 - 15:00,الأسبوع الثالث,لم تبدأ,- - -
الدوري التونسي,الترجى الرياضي,الافريقي التونسي,03/16/2024 - 15:00,الأسبوع الثالث,لم تبدأ,- - -
الدوري التونسي,الملعب التونسي,النجم الساحلى,03/16/2024 - 15:00,الأسبوع الثالث,لم تبدأ,- - -
الدوري البرتغالي,فاماليكاو,إستريلا,03/16/2024 - 17:30,الأسبوع السادس والعشرون,لم تبدأ,- - -
الدوري البرتغالي,فيرنسي,ريو آفي,03/16/2024 - 20:00,الأسبوع السادس والعشرون,لم تبدأ,- - -
الدوري البرتغالي,سبورتينج براجا,جل فيسنتي,03/16/2024 - 20:00,الأسبوع السادس والعشرون,لم تبدأ,- - -
الدوري البرتغالي,بورتو,فيزيلا,03/16/2024 - 22:30,الأسبوع السادس والعشرون,لم تبدأ,- - -
دوري نجوم قطر,ام صلال,الوكرة,03/16/2024 - 20:30,الأسبوع الثامن عشر,لم تبدأ,- - -
دوري نجوم قطر,الأهلي القطري,العربي,03/16/2024 - 20:30,الأسبوع الثامن عشر,لم تبدأ,- - -
الدوري الأفريقي لكرة السلة,بترو دي لواندا,نادي دينامو,03/17/2024 - 12:00,الجولة السادسة,لم تبدأ,- - -
الدوري الأفريقي لكرة السلة,نادي الفتح الرياضي,كيب تاون تايجرز,03/17/2024 - 15:00,الجولة السادسة,لم تبدأ,- - -
الدوري الإنجليزي,وست هام يونايتد,أستون فيلا,03/17/2024 - 16:00,الأسبوع التاسع والعشرون,لم تبدأ,- - -
الدوري الإسباني,اشبيلية,سيلتا فيجو,03/17/2024 - 15:00,الأسبوع التاسع والعشرون,لم تبدأ,- - -
الدوري الإسباني,فياريال,فالنسيا,03/17/2024 - 17:15,الأسبوع التاسع والعشرون,لم تبدأ,- - -
الدوري الإسباني,لاس بالماس,الميريا,03/17/2024 - 17:15,الأسبوع التاسع والعشرون,لم تبدأ,- - -
الدوري الإسباني,رايو فاييكانو,ريال بيتيس,03/17/2024 - 19:30,الأسبوع التاسع والعشرون,لم تبدأ,- - -
الدوري الإسباني,اتلتيكو مدريد,برشلونة,03/17/2024 - 22:00,الأسبوع التاسع والعشرون,لم تبدأ,- - -
كأس الاتحاد الإنجليزي,تشيلسي,ليستر سيتي,03/17/2024 - 14:45,ربع النهائي,لم تبدأ,- - -
كأس الاتحاد الإنجليزي,مانشستر يونايتد,ليفربول,03/17/2024 - 17:30,ربع النهائي,لم تبدأ,- - -
الدوري الإيطالي,يوفنتوس,جنوى,03/17/2024 - 13:30,الأسبوع التاسع والعشرون,لم تبدأ,- - -
الدوري الإيطالي,هيلاس فيرونا,ميلان,03/17/2024 - 16:00,الأسبوع التاسع والعشرون,لم تبدأ,- - -
الدوري الإيطالي,روما,ساسولو,03/17/2024 - 19:00,الأسبوع التاسع والعشرون,لم تبدأ,- - -
الدوري الإيطالي,أتالانتا,فيورنتينا,03/17/2024 - 19:00,الأسبوع التاسع والعشرون,لم تبدأ,- - -
الدوري الإيطالي,إنتر ميلان,نابولي,03/17/2024 - 21:45,الأسبوع التاسع والعشرون,لم تبدأ,- - -
الدوري الألماني,فرايبورج,باير ليفركوزن,03/17/2024 - 16:30,الأسبوع السادس والعشرون,لم تبدأ,- - -
الدوري الألماني,بروسيا دورتموند,آ. فرانكفورت,03/17/2024 - 18:30,الأسبوع السادس والعشرون,لم تبدأ,- - -
الدوري الفرنسي,بريست,ليل,03/17/2024 - 14:00,الأسبوع السادس والعشرون,لم تبدأ,- - -
الدوري الفرنسي,موناكو,لوريان,03/17/2024 - 16:00,الأسبوع السادس والعشرون,لم تبدأ,- - -
الدوري الفرنسي,كليرمونت,لوهافر,03/17/2024 - 16:00,الأسبوع السادس والعشرون,لم تبدأ,- - -
الدوري الفرنسي,رين,مارسيليا,03/17/2024 - 18:05,الأسبوع السادس والعشرون,لم تبدأ,- - -
الدوري الفرنسي,مونبيليه,باريس سان جيرمان,03/17/2024 - 21:45,الأسبوع السادس والعشرون,لم تبدأ,- - -
الدوري المغربي,يوسفية برشيد,الوداد البيضاوي,03/17/2024 - 23:00,الأسبوع الرابع والعشرون,لم تبدأ,- - -
الدوري المغربي,اتحاد طنجة,حسنية اغادير,03/17/2024 - 23:00,الأسبوع الرابع والعشرون,لم تبدأ,- - -
الدوري المغربي,نهضة بركان,الفتح الرباطي,03/17/2024 - 23:00,الأسبوع الرابع والعشرون,لم تبدأ,- - -
الدوري التركي,ريزه سبور,غازي عنتاب بي.بي.كي,03/17/2024 - 12:30,الأسبوع الثلاثون,لم تبدأ,- - -
الدوري التركي,هاتاي سبور,سامسون سبور,03/17/2024 - 15:00,الأسبوع الثلاثون,لم تبدأ,- - -
الدوري التركي,قاسم باشا,جالاتا سراي,03/17/2024 - 15:00,الأسبوع الثلاثون,لم تبدأ,- - -
الدوري التركي,طرابزون سبور,فنربخشة,03/17/2024 - 19:30,الأسبوع الثلاثون,لم تبدأ,- - -
الدوري البرتغالي,موريرنسي,أروكا,03/17/2024 - 17:30,الأسبوع السادس والعشرون,لم تبدأ,- - -
الدوري البرتغالي,شافيش,فيتوريا جيماريش,03/17/2024 - 17:30,الأسبوع السادس والعشرون,لم تبدأ,- - -
الدوري البرتغالي,كازا بيا,بنفيكا,03/17/2024 - 20:00,الأسبوع السادس والعشرون,لم تبدأ,- - -
الدوري البرتغالي,سبورتينج لشبونة,بوافيستا,03/17/2024 - 22:30,الأسبوع السادس والعشرون,لم تبدأ,- - -
دوري نجوم قطر,المرخية الرياضي,نادي قطر,03/17/2024 - 20:30,الأسبوع الثامن عشر,لم تبدأ,- - -
دوري نجوم قطر,الغرافة,الريان,03/17/2024 - 20:30,الأسبوع الثامن عشر,لم تبدأ,- - -
مباريات ودية - منتخبات,مصر - أولمبي,الإمارات - الأولمبي,03/20/2024 - 18:00,مباراة ودية,لم تبدأ,- - -
مباريات ودية - منتخبات,نيوزيلندا,مصر,03/22/2024 - 18:00,مبارة ودية,لم تبدأ,- - -
الدوري الإنجليزي,تشيلسي,توتنهام هوتسبر,03/23/2024 - 22:00,الأسبوع السادس والعشرون,مؤجل,- - -
دوري نجوم قطر,الشمال,الأهلي القطري,03/29/2024 - 20:30,الأسبوع التاسع عشر,لم تبدأ,- - -
دوري نجوم قطر,ام صلال,معيذر,03/29/2024 - 20:30,الأسبوع التاسع عشر,لم تبدأ,- - -
الدوري الإنجليزي,نيوكاسل,وست هام يونايتد,03/30/2024 - 14:30,الأسبوع الثلاثون,لم تبدأ,- - -
الدوري الإنجليزي,توتنهام هوتسبر,لوتون تاون,03/30/2024 - 17:00,الأسبوع الثلاثون,لم تبدأ,- - -
الدوري الإنجليزي,بورنموث,ايفرتون,03/30/2024 - 17:00,الأسبوع الثلاثون,لم تبدأ,- - -
الدوري الإنجليزي,شيفيلد يونايتد,فولهام,03/30/2024 - 17:00,الأسبوع الثلاثون,لم تبدأ,- - -
الدوري الإنجليزي,تشيلسي,بيرنلي,03/30/2024 - 17:00,الأسبوع الثلاثون,لم تبدأ,- - -
الدوري الإنجليزي,نوتينجهام فورست,كريستال بالاس,03/30/2024 - 17:00,الأسبوع الثلاثون,لم تبدأ,- - -
الدوري الإنجليزي,أستون فيلا,وولفرهامبتون,03/30/2024 - 19:30,الأسبوع الثلاثون,لم تبدأ,- - -
الدوري الإنجليزي,برينتفورد,مانشستر يونايتد,03/30/2024 - 22:00,الأسبوع الثلاثون,لم تبدأ,- - -
دوري نجوم قطر,العربي,الغرافة,03/30/2024 - 20:30,الأسبوع التاسع عشر,لم تبدأ,- - -
دوري نجوم قطر,نادي قطر,الوكرة,03/30/2024 - 20:30,الأسبوع التاسع عشر,لم تبدأ,- - -
الدوري المصري,الجونة,المقاولون العرب,03/31/2024 - 21:30,الأسبوع السابع عشر,لم تبدأ,- - -
الدوري المصري,الإسماعيلي,سموحة,03/31/2024 - 21:30,الأسبوع السابع عشر,لم تبدأ,- - -
الدوري المصري,سيراميكا كليوباترا,زد,03/31/2024 - 21:30,الأسبوع السابع عشر,لم تبدأ,- - -
الدوري الإنجليزي,ليفربول,برايتون,03/31/2024 - 15:00,الأسبوع الثلاثون,لم تبدأ,- - -
الدوري الإنجليزي,مانشستر سيتي,أرسنال,03/31/2024 - 17:30,الأسبوع الثلاثون,لم تبدأ,- - -
دوري نجوم قطر,المرخية الرياضي,السد القطري,03/31/2024 - 20:30,الأسبوع التاسع عشر,لم تبدأ,- - -
دوري نجوم قطر,الريان,الدحيل,03/31/2024 - 20:30,الأسبوع التاسع عشر,لم تبدأ,- - -
